alpha,k3p,s_target,qfrac,epsilon,old_bound,paired_bound,old_saturation,paired_saturation,Lambda,Lambda_resp,Lambda_resp_over_Lambda
0.0,1.5,0.02,0.1,1.761571998990789e-08,4.0315719839981625e-08,1.8030715626823952e-08,0.43694420091783037,0.9769839619510897,0.020157859919990813,0.01612803677105529,0.800086756980631
0.0,1.5,0.02,0.4,1.0200000000019229e-08,2.540000000001893e-08,1.0204900783467964e-08,0.40157480315006405,0.9995197617740023,0.012700000000009466,0.00820000000002736,0.6456692913402559
0.0,1.5,0.02,0.8,1.0199999999998419e-08,1.539999999999838e-08,1.0208166665304574e-08,0.6623376623376293,0.9991999870717323,0.00769999999999919,0.013533333333330712,1.757575757575602
0.0,1.5,0.04,0.1,3.5671475145607265e-08,8.087147499282673e-08,3.648226904786569e-08,0.44108846968317705,0.977775672308248,0.04043573749641337,0.032915337700936326,0.8140160100667362
0.0,1.5,0.04,0.4,2.020000000003991e-08,5.0400000000039613e-08,2.0204949888622584e-08,0.4007936507941276,0.9997550160426053,0.025200000000019807,0.016200000000056704,0.6428571428588877
0.0,1.5,0.04,0.8,2.0199999999996872e-08,3.039999999999684e-08,2.0208249140715083e-08,0.6644736842104926,0.9995917933977966,0.01519999999999842,0.02686666666666147,1.7675438596489648
0.0,1.5,0.08,0.1,7.178271805660136e-08,1.619827179024237e-07,7.338356960157506e-08,0.4431504730019553,0.9781851502500454,0.08099135895121183,0.06649040536180106,0.8209567813506382
0.0,1.5,0.08,0.4,4.020000000008132e-08,1.0040000000008104e-07,4.0204974816645534e-08,0.40039840637498875,0.9998762636567513,0.05020000000004052,0.03220000000011547,0.6414342629499896
0.0,1.5,0.08,0.8,4.0199999999993795e-08,6.039999999999375e-08,4.0208291018970046e-08,0.6655629139072509,0.9997937982747802,0.030199999999996875,0.05353333333332299,1.7726269315671699
0.0,2.0,0.02,0.1,2.456120195279891e-08,5.176120177191228e-08,2.4829195823878438e-08,0.47450988601518157,0.9892065021766917,0.025880600885956145,0.023820504322024236,0.920399971661794
0.0,2.0,0.02,0.4,1.020000000019847e-08,2.8400000000197636e-08,1.0211198334826357e-08,0.35915492958195383,0.9989033280658458,0.01420000000009882,0.007342857143129222,0.5171026157097269
0.0,2.0,0.02,0.8,1.0199999999998437e-08,1.639999999999839e-08,1.0204900783445627e-08,0.6219512195121609,0.9995197617741527,0.008199999999999196,0.012699999999997488,1.5487804878047235
0.0,2.0,0.04,0.1,4.9339048467068815e-08,1.0353904828521946e-07,4.9853692672590315e-08,0.47652599945823654,0.9896769090125103,0.051769524142609734,0.04800876025529168,0.9273556411884671
0.0,2.0,0.04,0.4,2.020000000043296e-08,5.640000000043208e-08,2.021131225024788e-08,0.35815602837372706,0.9994403010712587,0.028200000000216042,0.014485714286308175,0.5136778115672765
0.0,2.0,0.04,0.8,2.0199999999996922e-08,3.2399999999996876e-08,2.0204949888576312e-08,0.6234567901234219,0.9997550160427674,0.016199999999998438,0.02519999999999502,1.5555555555553982
0.0,2.0,0.08,0.1,9.889464886012786e-08,2.0709464867780191e-07,9.99024277706074e-08,0.4775335794117416,0.989912368167933,0.10354732433890096,0.09638583264398198,0.9308384669459921
0.0,2.0,0.08,0.4,4.02000000009058e-08,1.124000000009049e-07,4.021137010594335e-08,0.3576512455567808,0.9997172415411961,0.05620000000045245,0.028771428572671464,0.5119471276234846
0.0,2.0,0.08,0.8,4.019999999999388e-08,6.439999999999384e-08,4.020497481655133e-08,0.6242236024844368,0.9998762636569194,0.03219999999999692,0.05019999999999011,1.559006211179966
0.0,3.0,0.02,0.1,3.4782684697815864e-08,7.098268450473633e-08,3.492839003300696e-08,0.49001647289762595,0.9958284554468899,0.03549134225236817,0.03437436718011013,0.9685282381174662
0.0,3.0,0.02,0.4,1.7177334348670806e-08,4.137733421803148e-08,1.7651715970715193e-08,0.41513873895687653,0.9731254670746231,0.020688667109015742,0.015060567946159259,0.7279622155840161
0.0,3.0,0.02,0.8,1.0199999999998773e-08,1.8399999999998706e-08,1.0201089266455699e-08,0.5543478260869288,0.999893220573953,0.009199999999999353,0.01131111111110924,1.2294685990336995
0.0,3.0,0.04,0.1,6.967159370833756e-08,1.4187159351493218e-07,6.995048478000819e-08,0.4910891037606096,0.9960130216030991,0.0709357967574661,0.06897885897705314,0.9724125495184913
0.0,3.0,0.04,0.4,3.451092428707859e-08,8.271092415507819e-08,3.5458490629433515e-08,0.41724747534403805,0.973276743439035,0.041355462077539096,0.030402382044728483,0.7351479228481543
0.0,3.0,0.04,0.8,2.01999999999976e-08,3.639999999999753e-08,2.0201100080053794e-08,0.5549450549450268,0.9999455435569432,0.018199999999998766,0.02242222222221853,1.2319902319901126
0.0,3.0,0.08,0.1,1.394493857592975e-07,2.836493855657301e-07,1.3999464224974436e-07,0.491625904569368,0.9961051617284457,0.14182469278286505,0.13818820597510054,0.974359283024628
0.0,3.0,0.08,0.4,6.917775185578093e-08,1.6537775172311056e-07,7.10715069705126e-08,0.41830144100401234,0.973354228783732,0.08268887586155528,0.06108631965824158,0.7387489432135644
0.0,3.0,0.08,0.8,4.019999999999526e-08,7.23999999999952e-08,4.020110556798801e-08,0.5552486187845017,0.9999724990649602,0.0361999999999976,0.044644444444437124,1.2332719459790078
0.5,1.5,0.02,0.1,2.015787366861973e-08,4.031574733723947e-08,2.0157873668619734e-08,0.49999999999999994,0.9999999999999999,0.020157873668619732,0.020157873668619732,1.0
0.5,1.5,0.02,0.4,1.27000000000384e-08,2.54000000000768e-08,1.27000000000384e-08,0.5,1.0,0.012700000000038401,0.012700000000038401,1.0
0.5,1.5,0.02,0.8,7.700000000001095e-09,1.540000000000219e-08,7.700000000001095e-09,0.5,1.0,0.007700000000001095,0.007700000000001095,1.0
0.5,1.5,0.04,0.1,4.043576454619016e-08,8.087152909238032e-08,4.043576454619016e-08,0.5,1.0,0.04043576454619016,0.04043576454619016,1.0
0.5,1.5,0.04,0.4,2.5200000000078844e-08,5.040000000015769e-08,2.5200000000078844e-08,0.5,1.0,0.025200000000078847,0.025200000000078847,1.0
0.5,1.5,0.04,0.8,1.520000000000217e-08,3.040000000000434e-08,1.520000000000217e-08,0.5,1.0,0.015200000000002172,0.015200000000002172,1.0
0.5,1.5,0.08,0.1,8.099141262877883e-08,1.6198282525755768e-07,8.099141262877884e-08,0.49999999999999994,0.9999999999999999,0.08099141262877883,0.08099141262877883,1.0
0.5,1.5,0.08,0.4,5.0200000000159804e-08,1.0040000000031961e-07,5.0200000000159804e-08,0.5,1.0,0.050200000000159804,0.050200000000159804,1.0
0.5,1.5,0.08,0.8,3.0200000000004334e-08,6.040000000000865e-08,3.020000000000433e-08,0.5000000000000001,1.0000000000000002,0.03020000000000433,0.03020000000000433,1.0
0.5,2.0,0.02,0.1,2.5880614525112455e-08,5.176122905022492e-08,2.588061452511246e-08,0.49999999999999994,0.9999999999999999,0.02588061452511246,0.02588061452511246,1.0
0.5,2.0,0.02,0.4,1.420000000026995e-08,2.84000000005399e-08,1.420000000026995e-08,0.5,1.0,0.014200000000269952,0.014200000000269952,1.0
0.5,2.0,0.02,0.8,8.200000000001589e-09,1.6400000000003174e-08,8.200000000001587e-09,0.5000000000000001,1.0000000000000002,0.008200000000001588,0.008200000000001588,1.0
0.5,2.0,0.04,0.1,5.176955138524654e-08,1.0353910277049308e-07,5.176955138524654e-08,0.5,1.0,0.05176955138524654,0.05176955138524654,1.0
0.5,2.0,0.04,0.4,2.8200000000584308e-08,5.640000000116861e-08,2.8200000000584305e-08,0.5000000000000001,1.0000000000000002,0.028200000000584306,0.028200000000584306,1.0
0.5,2.0,0.04,0.8,1.6200000000003166e-08,3.240000000000633e-08,1.6200000000003166e-08,0.5,1.0,0.016200000000003167,0.016200000000003167,1.0
0.5,2.0,0.08,0.1,1.0354737879026689e-07,2.0709475758053376e-07,1.0354737879026688e-07,0.5000000000000001,1.0000000000000002,0.10354737879026689,0.10354737879026689,1.0
0.5,2.0,0.08,0.4,5.6200000001217637e-08,1.1240000000243527e-07,5.6200000001217637e-08,0.5,1.0,0.05620000000121764,0.05620000000121764,1.0
0.5,2.0,0.08,0.8,3.220000000000631e-08,6.440000000001261e-08,3.2200000000006304e-08,0.5000000000000001,1.0000000000000002,0.03220000000000631,0.03220000000000631,1.0
0.5,3.0,0.02,0.1,3.549136011913186e-08,7.098272023826372e-08,3.549136011913186e-08,0.5,1.0,0.035491360119131864,0.035491360119131864,1.0
0.5,3.0,0.02,0.4,2.068867968929965e-08,4.137735937859931e-08,2.0688679689299654e-08,0.49999999999999994,0.9999999999999999,0.020688679689299654,0.020688679689299654,1.0
0.5,3.0,0.02,0.8,9.200000000003161e-09,1.840000000000632e-08,9.20000000000316e-09,0.5000000000000001,1.0000000000000002,0.00920000000000316,0.00920000000000316,1.0
0.5,3.0,0.04,0.1,7.09358324987002e-08,1.4187166499740042e-07,7.093583249870021e-08,0.4999999999999999,0.9999999999999998,0.07093583249870021,0.07093583249870021,1.0
0.5,3.0,0.04,0.4,4.135548709835242e-08,8.271097419670484e-08,4.135548709835242e-08,0.5,1.0,0.04135548709835242,0.04135548709835242,1.0
0.5,3.0,0.04,0.8,1.820000000000634e-08,3.640000000001268e-08,1.820000000000634e-08,0.5,1.0,0.01820000000000634,0.01820000000000634,1.0
0.5,3.0,0.08,0.1,1.4182476427324352e-07,2.8364952854648703e-07,1.4182476427324352e-07,0.5,1.0,0.14182476427324353,0.14182476427324353,1.0
0.5,3.0,0.08,0.4,8.268892576933746e-08,1.6537785153867492e-07,8.268892576933746e-08,0.5,1.0,0.08268892576933747,0.08268892576933747,1.0
0.5,3.0,0.08,0.8,3.6200000000012705e-08,7.240000000002541e-08,3.6200000000012705e-08,0.5,1.0,0.03620000000001271,0.03620000000001271,1.0
1.0,1.5,0.02,0.1,2.270001671682217e-08,4.0315774834474025e-08,2.3023550367527967e-08,0.5630554493873049,0.9859477080840623,0.020157887417237015,0.026296598475533815,1.3045314685629004
1.0,1.5,0.02,0.4,1.5200000000050862e-08,2.5400000000162702e-08,1.5203289117874402e-08,0.5984251968485629,0.9997836574837169,0.012700000000081351,0.01820000000001556,1.4330708661337779
1.0,1.5,0.02,0.8,5.200000000004239e-09,1.5400000000006504e-08,5.216001022499469e-09,0.3376623376624703,0.9969323199082575,0.007700000000003252,0.003533333333338184,0.45887445887489503
1.0,1.5,0.04,0.1,4.52000342229185e-08,8.087158319189653e-08,4.5842609951577605e-08,0.5589112076075644,0.98598300294556,0.04043579159594826,0.051972393867591817,1.2853067002353318
1.0,1.5,0.04,0.4,3.0200000000103324e-08,5.040000000033288e-08,3.020331107688018e-08,0.5992063492044417,0.9998903737153709,0.02520000000016644,0.03620000000003046,1.4365079364996574
1.0,1.5,0.04,0.8,1.0200000000008405e-08,3.040000000001283e-08,1.0216326802404287e-08,0.3355263157896085,0.998401891138404,0.015200000000006418,0.006866666666676324,0.4517543859653569
1.0,1.5,0.08,0.1,9.020006922594733e-08,1.619829326126252e-07,9.147918918511572e-08,0.5568492172052267,0.9860173666758242,0.0809914663063126,0.10332498515728125,1.275751506541473
1.0,1.5,0.08,0.4,6.020000000020831e-08,1.004000000006735e-07,6.020332216769548e-08,0.5996015936235506,0.9999448175388409,0.05020000000033675,0.07220000000006019,1.438247011943742
1.0,1.5,0.08,0.8,2.020000000001673e-08,6.040000000002548e-08,2.021649491547486e-08,0.33443708609285117,0.999184086285625,0.030200000000012737,0.0135333333333526,0.44812362030949976
1.0,2.0,0.02,0.1,2.7200024238837503e-08,5.176125632854879e-08,2.7442259949286442e-08,0.5254900318915829,0.9911728949839921,0.025880628164274395,0.02909812027529373,1.1243204798043025
1.0,2.0,0.02,0.4,1.8200000000156348e-08,2.8400000001039716e-08,1.8206278352162693e-08,0.6408450704045793,0.9996551545634477,0.01420000000051986,0.023342857142555837,1.6438631789930465
1.0,2.0,0.02,0.8,6.20000000000563e-09,1.640000000000894e-08,6.208059278073481e-09,0.37804878048794205,0.9987018039443799,0.008200000000004471,0.00470000000000649,0.573170731707796
1.0,2.0,0.04,0.1,5.420004891753131e-08,1.0353915725578956e-07,5.466895122559735e-08,0.5234739238183304,0.9914228771989595,0.05176957862789478,0.05773070415713905,1.1151472677050585
1.0,2.0,0.04,0.4,3.620000000032666e-08,5.64000000022427e-08,3.620631357774972e-08,0.6418439716114751,0.9998256221968164,0.028200000001121356,0.046485714285043174,1.6484295845104502
1.0,2.0,0.04,0.8,1.22000000000112e-08,3.240000000001772e-08,1.2208193969637412e-08,0.37654320987668294,0.9993288139386881,0.01620000000000886,0.00920000000001295,0.56790123456839
1.0,2.0,0.08,0.1,1.0820009827379746e-07,2.0709486648331174e-07,1.0912197118230076e-07,0.5224663465162065,0.9915519038144646,0.10354743324165587,0.11499661770390072,1.1105694666088448
1.0,2.0,0.08,0.4,7.220000000066828e-08,1.1240000000466551e-07,7.220633134186345e-08,0.6423487544276815,0.9999123159828576,0.05620000000233276,0.09277142857000996,1.6507371630989178
1.0,2.0,0.08,0.8,2.420000000002234e-08,6.440000000003528e-08,2.4208263052130655e-08,0.375776397515669,0.9996586681130107,0.03220000000001764,0.018200000000025873,0.5652173913048417
1.0,3.0,0.02,0.1,3.6200034561272033e-08,7.098275597180871e-08,3.6340057411617455e-08,0.509983503256046,0.9961468731664508,0.03549137798590436,0.037209030689203955,1.048396337385992
1.0,3.0,0.02,0.4,2.4200015546121336e-08,4.137738453916184e-08,2.4539010462511954e-08,0.5848609286364417,0.9861854691773942,0.02068869226958092,0.029105901263979158,1.4068507030178152
1.0,3.0,0.02,0.8,8.200000000009343e-09,1.840000000001638e-08,8.201354901623118e-09,0.4456521739131545,0.9998347953929531,0.009200000000008191,0.007311111111121482,0.794685990338584
1.0,3.0,0.04,0.1,7.220006943260083e-08,1.4187173647990394e-07,7.24692304217144e-08,0.5089108741742083,0.9962858583215627,0.07093586823995197,0.07403573802960321,1.043699610176976
1.0,3.0,0.04,0.4,4.8200031548176226e-08,8.271102423832353e-08,4.888296002704757e-08,0.5827522025273519,0.9860293141312746,0.04135551211916177,0.0577805390033788,1.3971665696434847
1.0,3.0,0.04,0.8,1.6200000000018674e-08,3.640000000003269e-08,1.6201371684059904e-08,0.4450549450550584,0.9999153353143191,0.018200000000016345,0.014422222222242985,0.7924297924302215
1.0,3.0,0.08,0.1,1.4420013917508447e-07,2.836496715273146e-07,1.44727498192652e-07,0.5083740742537699,0.9963561933692411,0.14182483576365731,0.1476895680528722,1.0413519413411352
1.0,3.0,0.08,0.4,9.620006354926778e-08,1.6537795135422592e-07,9.757074498229518e-08,0.5816982418848278,0.9859519220307673,0.08268897567711296,0.11513082848642767,1.392335889320904
1.0,3.0,0.08,0.8,3.220000000003734e-08,7.240000000006531e-08,3.220138023270631e-08,0.4447513812155841,0.9999571374686739,0.03620000000003266,0.028644444444485995,0.7912829957033192
