alpha,A_chemostat,kw,W_chemostat,epsilon,old_bound,paired_bound,old_saturation,paired_saturation,Lambda,Lambda_resp,Lambda_resp_over_Lambda
0.0,0.02,0.1,1e-05,1.234584855772116e-08,2.9046152060737917e-08,1.261380326692132e-08,0.425042481768496,0.9787570248615776,0.014523076030368958,0.010955532596805722,0.7543534561064607
0.0,0.02,0.1,0.0001,1.2336599955290876e-08,2.9037378596387463e-08,1.260517420677405e-08,0.42485239892920884,0.9786933328268608,0.014518689298193733,0.010943854057327985,0.7537769996007496
0.0,0.02,0.1,0.001,1.2244094321009447e-08,2.894962534980232e-08,1.2518696311187754e-08,0.42294482823395346,0.9780646495967077,0.014474812674901161,0.010826928185639954,0.7479839932169543
0.0,0.02,0.4,1e-05,1.437374692285751e-08,3.096986894074282e-08,1.443885704655888e-08,0.46412036648782645,0.9954906317382728,0.01548493447037141,0.013463446888320128,0.869454560113305
0.0,0.02,0.4,0.0001,1.4372571664452777e-08,3.096875406025499e-08,1.4437834705910649e-08,0.4640991250887423,0.9954797209701289,0.015484377030127497,0.01346202501977451,0.8693940346183668
0.0,0.02,0.4,0.001,1.4360818762353067e-08,3.0957604953661774e-08,1.4427608938946469e-08,0.463886621198531,0.9953706690501497,0.015478802476830889,0.013447803859939536,0.8687883885118756
0.0,0.02,1.0,1e-05,1.4562317641516584e-08,3.1148751996053624e-08,1.4602404627078162e-08,0.4675088633843677,0.9972547681984348,0.015574375998026812,0.013691092402028104,0.8790780705283274
0.0,0.02,1.0,0.0001,1.4561889630015295e-08,3.114834597328721e-08,1.460203450240008e-08,0.46750121635683506,0.9972507343152637,0.015574172986643606,0.013690576815355723,0.8790564241900194
0.0,0.02,1.0,0.001,1.4557609472802416e-08,3.114428570559088e-08,1.459833294795573e-08,0.4674247343611127,0.9972104023590572,0.015572142852795439,0.01368542061769701,0.8788399096428958
0.0,0.05,0.1,1e-05,2.3783445226599182e-08,5.1288422440036096e-08,2.4035308371938618e-08,0.46371957052111745,0.9895211186209082,0.02564421122001805,0.02252734714972357,0.8784574014169158
0.0,0.05,0.1,0.0001,2.378108862340853e-08,5.128624423720893e-08,2.403320105484326e-08,0.46369331537354025,0.9895098272236222,0.025643122118604467,0.0225243537144592,0.8783779763743139
0.0,0.05,0.1,0.001,2.375752128698073e-08,5.126446100315658e-08,2.401212146293346e-08,0.46343062663855716,0.9893970144892968,0.025632230501578295,0.02249441292731692,0.8775831243376121
0.0,0.05,0.4,1e-05,2.547607809482652e-08,5.285291899009436e-08,2.5525098976770075e-08,0.4820183744175269,0.9980795027675243,0.026426459495047183,0.0246544822962765,0.9329468558168837
0.0,0.05,0.4,0.0001,2.5475778259564453e-08,5.285264185308073e-08,2.552483914068014e-08,0.4820152288769553,0.9980779161488429,0.02642632092654036,0.024654109626863263,0.932937645591928
0.0,0.05,0.4,0.001,2.5472779885749316e-08,5.284987046335418e-08,2.552224068463653e-08,0.4819837714344448,0.9980620510754376,0.02642493523167709,0.024650382824161616,0.9328455342668838
0.0,0.05,1.0,1e-05,2.5633578803686355e-08,5.2998496517205446e-08,2.5661396070438394e-08,0.48366615070608016,0.9989159877866471,0.026499248258602726,0.024850035059773182,0.9377637741744563
0.0,0.05,1.0,0.0001,2.5633469595558854e-08,5.29983955763956e-08,2.566130169722273e-08,0.48366501130414363,0.9989154056956164,0.0264991977881978,0.024849899610514616,0.9377604487929915
0.0,0.05,1.0,0.001,2.563237751147126e-08,5.2997386165697464e-08,2.566035795253354e-08,0.4836536170167163,0.9989095849280809,0.026498693082848735,0.0248485451034691,0.937727193781957
0.0,0.1,0.1,1e-05,3.2590985831335715e-08,6.841652124073442e-08,3.2814262918660445e-08,0.47636134138798353,0.9931957305310137,0.03420826062036721,0.03147707107486996,0.9201599410210546
0.0,0.1,0.1,0.0001,3.2590234070153966e-08,6.841584109436916e-08,3.281360033655433e-08,0.47635508895082845,0.9931928753897958,0.03420792054718458,0.031476112836555825,0.9201410764837155
0.0,0.1,0.1,0.001,3.258271632304007e-08,6.840903950830745e-08,3.2806974004608556e-08,0.47629255661575687,0.9931643289766078,0.03420451975415372,0.0314665298935635,0.9199523957573553
0.0,0.1,0.4,1e-05,3.403508833951366e-08,6.972305457592545e-08,3.407418146039612e-08,0.4881468338776077,0.9988527055029068,0.034861527287962726,0.03330461779845486,0.955340181264937
0.0,0.1,0.4,0.0001,3.403499260063376e-08,6.972296795739654e-08,3.407409876855553e-08,0.48814606718162756,0.998852319816662,0.034861483978698274,0.033304497525083014,0.9553379180712261
0.0,0.1,0.4,0.001,3.403403520963335e-08,6.972210177011581e-08,3.4073271842263874e-08,0.48813840009942117,0.9988484630178116,0.034861050885057907,0.033303294782040936,0.9553152855846737
0.0,0.1,1.0,1e-05,3.416953262378709e-08,6.984469132485915e-08,3.419019685636226e-08,0.48922161406453885,0.9993956094297443,0.034922345662429584,0.03347339758836457,0.9585094286600618
0.0,0.1,1.0,0.0001,3.4169497750011546e-08,6.984465977325624e-08,3.4190166790621774e-08,0.489221335760521,0.9993954682720092,0.03492232988662812,0.0334733538388038,0.9585086088892615
0.0,0.1,1.0,0.001,3.4169149011964014e-08,6.984434425696285e-08,3.4189866132175e-08,0.489218552704182,0.9993940567029161,0.03492217212848143,0.03347291634195602,0.9585004111086365
0.5,0.02,0.1,1e-05,1.4523083499191145e-08,2.9046166998382297e-08,1.4523083499191149e-08,0.4999999999999999,0.9999999999999998,0.014523083499191148,0.014523083499191148,1.0
0.5,0.02,0.1,0.0001,1.4518696770763526e-08,2.9037393541527053e-08,1.4518696770763526e-08,0.5,1.0,0.014518696770763527,0.014518696770763527,1.0
0.5,0.02,0.1,0.001,1.447482018637304e-08,2.8949640372746082e-08,1.4474820186373041e-08,0.49999999999999994,0.9999999999999999,0.014474820186373041,0.014474820186373041,1.0
0.5,0.02,0.4,1e-05,1.5484941469075852e-08,3.0969882938151703e-08,1.5484941469075852e-08,0.5,1.0,0.015484941469075851,0.015484941469075851,1.0
0.5,0.02,0.4,0.0001,1.5484384028472706e-08,3.096876805694541e-08,1.5484384028472706e-08,0.5,1.0,0.015484384028472707,0.015484384028472707,1.0
0.5,0.02,0.4,0.001,1.5478809471587358e-08,3.0957618943174716e-08,1.5478809471587358e-08,0.5,1.0,0.015478809471587359,0.015478809471587357,0.9999999999999999
0.5,0.02,1.0,1e-05,1.5574383053694177e-08,3.114876610738836e-08,1.557438305369418e-08,0.4999999999999999,0.9999999999999998,0.01557438305369418,0.01557438305369418,1.0
0.5,0.02,1.0,0.0001,1.557418004216307e-08,3.114836008432614e-08,1.557418004216307e-08,0.5,1.0,0.015574180042163068,0.01557418004216307,1.0000000000000002
0.5,0.02,1.0,0.001,1.557214990683621e-08,3.1144299813672426e-08,1.5572149906836213e-08,0.4999999999999999,0.9999999999999998,0.015572149906836214,0.015572149906836212,0.9999999999999999
0.5,0.05,0.1,1e-05,2.5644223451802e-08,5.1288446903603994e-08,2.5644223451801997e-08,0.5000000000000001,1.0000000000000002,0.025644223451802,0.025644223451802,1.0
0.5,0.05,0.1,0.0001,2.5643134350212852e-08,5.128626870042572e-08,2.564313435021286e-08,0.4999999999999999,0.9999999999999998,0.025643134350212857,0.025643134350212857,1.0
0.5,0.05,0.1,0.001,2.5632242731449447e-08,5.1264485462898894e-08,2.5632242731449447e-08,0.5,1.0,0.02563224273144945,0.02563224273144945,1.0
0.5,0.05,0.4,1e-05,2.642647185296452e-08,5.285294370592904e-08,2.642647185296452e-08,0.5,1.0,0.026426471852964522,0.026426471852964522,1.0
0.5,0.05,0.4,0.0001,2.6426333284318224e-08,5.2852666568636454e-08,2.6426333284318227e-08,0.49999999999999994,0.9999999999999999,0.026426333284318232,0.02642633328431823,0.9999999999999999
0.5,0.05,0.4,0.001,2.642494758806032e-08,5.2849895176120645e-08,2.642494758806032e-08,0.49999999999999994,1.0,0.026424947588060327,0.02642494758806032,0.9999999999999998
0.5,0.05,1.0,1e-05,2.6499260687309233e-08,5.2998521374618466e-08,2.6499260687309233e-08,0.5,1.0,0.026499260687309234,0.026499260687309234,1.0
0.5,0.05,1.0,0.0001,2.6499210216850237e-08,5.2998420433700474e-08,2.6499210216850237e-08,0.5,1.0,0.026499210216850234,0.026499210216850238,1.0000000000000002
0.5,0.05,1.0,0.001,2.6498705510960297e-08,5.299741102192059e-08,2.6498705510960297e-08,0.5000000000000001,1.0,0.026498705510960292,0.0264987055109603,1.0000000000000002
0.5,0.1,0.1,1e-05,3.420827683907977e-08,6.841655367815954e-08,3.420827683907977e-08,0.5,1.0,0.034208276839079774,0.034208276839079774,1.0
0.5,0.1,0.1,0.0001,3.4207936765712686e-08,6.841587353142539e-08,3.420793676571269e-08,0.4999999999999999,0.9999999999999998,0.03420793676571269,0.03420793676571269,1.0
0.5,0.1,0.1,0.001,3.420453597083841e-08,6.840907194167682e-08,3.420453597083841e-08,0.5,1.0,0.034204535970838404,0.03420453597083841,1.0000000000000002
0.5,0.1,0.4,1e-05,3.486154382853464e-08,6.972308765706928e-08,3.486154382853464e-08,0.5,1.0,0.034861543828534645,0.03486154382853464,0.9999999999999998
0.5,0.1,0.4,0.0001,3.4861500519215154e-08,6.972300103843032e-08,3.486150051921516e-08,0.4999999999999999,0.9999999999999998,0.03486150051921516,0.03486150051921516,1.0
0.5,0.1,0.4,0.001,3.4861067425024584e-08,6.972213485004917e-08,3.4861067425024584e-08,0.5,1.0,0.03486106742502459,0.03486106742502459,1.0
0.5,0.1,1.0,1e-05,3.4922362278151925e-08,6.984472455630384e-08,3.492236227815192e-08,0.5000000000000001,1.0000000000000002,0.034922362278151924,0.034922362278151924,1.0
0.5,0.1,1.0,0.0001,3.492234650232948e-08,6.984469300465896e-08,3.492234650232948e-08,0.5,1.0,0.034922346502329484,0.034922346502329484,1.0
0.5,0.1,1.0,0.001,3.492218874397282e-08,6.984437748794567e-08,3.492218874397283e-08,0.49999999999999983,0.9999999999999998,0.034922188743972835,0.03492218874397283,0.9999999999999998
1.0,0.02,0.1,1e-05,1.670031294247465e-08,2.9046181936026724e-08,1.6899363902073503e-08,0.5749572518431698,0.9882213933759701,0.014523090968013363,0.019664443397325294,1.3540122719492422
1.0,0.02,0.1,0.0001,1.6700788058362625e-08,2.903740848666664e-08,1.6900148869032424e-08,0.5751473333452354,0.9882036062395222,0.014518704243333319,0.01967221227242825,1.354956471508903
1.0,0.02,0.1,0.001,1.670554022176562e-08,2.8949655395688993e-08,1.6907837759402637e-08,0.5770548904099669,0.9880352804116235,0.014474827697844495,0.019749801770756293,1.3644239629669177
1.0,0.02,0.4,1e-05,1.659613558512016e-08,3.0969896935567735e-08,1.6652558587807284e-08,0.5358795871890726,0.9966117517383524,0.015484948467783867,0.017908209904429925,1.1564914111072184
1.0,0.02,0.4,0.0001,1.659619596107517e-08,3.0968782053643014e-08,1.6652746742588466e-08,0.5359008285288015,0.9966041168830924,0.015484391026821505,0.017909259304575653,1.1566008164966823
1.0,0.02,0.4,0.001,1.65967997369467e-08,3.095763293269482e-08,1.6654625321423393e-08,0.536113331824494,0.9965279564468911,0.015478816466347411,0.017919751500383982,1.1576951984244674
1.0,0.02,1.0,1e-05,1.658644823332608e-08,3.1148780218730244e-08,1.6621654257936892e-08,0.5324910997109412,0.9978819181253272,0.015574390109365122,0.01773933928265098,1.1390069953355053
1.0,0.02,1.0,0.0001,1.65864702213653e-08,3.1148374195372215e-08,1.662172602015027e-08,0.5324987467188445,0.9978789327448768,0.015574187097686109,0.017739723695112692,1.139046525115158
1.0,0.02,1.0,0.001,1.6586690103923265e-08,3.114431392176112e-08,1.6622443242892978e-08,0.5325752285181607,0.9978491044639302,0.01557215696088056,0.017743567577524218,1.1394418655102532
1.0,0.05,0.1,1e-05,2.7504998156033656e-08,5.128847136718387e-08,2.7723071366699617e-08,0.5362803262183459,0.9921338726225007,0.025644235683591934,0.029970426706648817,1.1687003300248457
1.0,0.05,0.1,0.0001,2.7505176551249942e-08,5.128629316365449e-08,2.7723443052410023e-08,0.5363065812434711,0.9921270059874072,0.025643146581827248,0.029972503266229605,1.168830945554493
1.0,0.05,0.1,0.001,2.750696060209252e-08,5.1264509922653165e-08,2.7727153146282977e-08,0.5365692687513146,0.992058595304438,0.025632254961326588,0.02999326523387709,1.170137597301927
1.0,0.05,0.4,1e-05,2.7376865314933124e-08,5.285296842177629e-08,2.742248851007923e-08,0.5179816031610707,0.9983362853765319,0.02642648421088815,0.028456031838529395,1.0767997593416168
1.0,0.05,0.4,0.0001,2.7376888012639077e-08,5.285269128420477e-08,2.7422547865139664e-08,0.5179847486937863,0.9983349522179654,0.026426345642102386,0.028456304235187094,1.076815713401197
1.0,0.05,0.4,0.001,2.737711499130226e-08,5.284991988889966e-08,2.7423141297552234e-08,0.5180162060577204,0.99832162531088,0.026424959944449832,0.028459028138790695,1.076975261215792
1.0,0.05,1.0,1e-05,2.7364942417410258e-08,5.2998546232044045e-08,2.7391001424954346e-08,0.5163338310752538,0.9990486288858228,0.026499273116022022,0.028312737325923997,1.068434488823979
1.0,0.05,1.0,0.0001,2.7364950684533545e-08,5.299844529101787e-08,2.7391023471397937e-08,0.5163349704745269,0.9990481265918516,0.026499222645508937,0.028312836827227742,1.0684402786444067
1.0,0.05,1.0,0.001,2.7365033355979087e-08,5.299743587815628e-08,2.7391243920034828e-08,0.5163463647353176,0.9990431042806139,0.02649871793907814,0.02831383183185603,1.0684981777967872
1.0,0.1,0.1,1e-05,3.582556506800619e-08,6.841658611560196e-08,3.602880212110005e-08,0.523638595580793,0.9943590394037874,0.03420829305780097,0.03794619568091446,1.1092689020407314
1.0,0.1,0.1,0.0001,3.582563668109746e-08,6.841590596849894e-08,3.602894989171205e-08,0.5236448479918228,0.9943569487529983,0.03420795298424946,0.03794688419085414,1.1093000568705824
1.0,0.1,0.1,0.001,3.582635282489268e-08,6.840910437506348e-08,3.603042704977467e-08,0.5237073800655124,0.9943360586706322,0.03420455218753174,0.037953769026754035,1.1096116335237087
1.0,0.1,0.4,1e-05,3.568799909199933e-08,6.972312073822981e-08,3.5725283512926596e-08,0.5118531516394286,0.9989563575915703,0.03486156036911491,0.0366104060909936,1.0501654459342
1.0,0.1,0.4,0.0001,3.568800821216071e-08,6.972303411948081e-08,3.572530496281131e-08,0.5118539183335594,0.9989560130924166,0.03486151705974041,0.036610495535772135,1.0501693162989605
1.0,0.1,0.4,0.001,3.568809941398402e-08,6.972216792999925e-08,3.572551945227955e-08,0.5118615853972688,0.9989525683917483,0.034861083964999616,0.03661138997905564,1.0502080203763409
1.0,0.1,1.0,1e-05,3.567519182285412e-08,6.984475778776525e-08,3.569498441746196e-08,0.5107783741087489,0.9994455076831983,0.034922378893882625,0.03648468268540671,1.0447364652984095
1.0,0.1,1.0,0.0001,3.56751951449586e-08,6.984472623607835e-08,3.569499232287247e-08,0.510778652412135,0.9994453794040687,0.03492236311803918,0.03648471532763401,1.0447378719565457
1.0,0.1,1.0,0.001,3.567522836603114e-08,6.984441071894516e-08,3.5695071375726705e-08,0.510781435462155,0.9994440966517002,0.03492220535947258,0.03648504174930684,1.0447519385945752
